{
  "ext/controller/CapexObjectPageCustom-dbg.controller.js": 1739300562683,
  "i18n/i18n.properties": 1739300562683,
  "i18n/customI18N_en.properties": 1739300562683,
  "i18n/i18n_en.properties": 1739300562683,
  "ext/fragment/Viewpdf.js": 1739300562683,
  "ext/view/ViewPdfPage.controller.js": 1742693329059,
  "ext/fragment/Feed.js": 1739300562683,
  "ext/controller/CapexObjectPageCustom.controller.js": 1739300562683,
  "ext/controller/CapexListReportCustom.controller.js": 1739300562683,
  "manifest.json": 1742772965525,
  "Component.js": 1739300562683,
  "i18n/customI18N.properties": 1739300562683,
  "ext/controller/CapexObjectPageCustom.controller.js.map": 1742772965695,
  "ext/view/ViewPdfPage-dbg.controller.js": 1742693329059,
  "ext/view/ViewPdfPage.controller.js.map": 1742772965697,
  "ext/fragment/Feed-dbg.js": 1739300562683,
  "ext/fragment/Feed.js.map": 1742772965693,
  "ext/fragment/Viewpdf-dbg.js": 1739300562683,
  "ext/fragment/Viewpdf.js.map": 1742772965697,
  "ext/controller/CapexListReportCustom-dbg.controller.js": 1739300562683,
  "ext/controller/CapexListReportCustom.controller.js.map": 1742772965695,
  "Component-dbg.js": 1739300562683,
  "Component.js.map": 1742772965696,
  "Component-preload.js": 1742772965769,
  "Component-preload.js.map": 1742772965769,
  "ext/view/ViewPdfPage.view.xml": 1739300562683,
  "ext/fragment/Viewpdf.fragment.xml": 1739300562683,
  "ext/fragment/Feed.fragment.xml": 1739300562683,
  "index.html": 1739300562683
}