{
  "ext/controller/CapexListReportCustom.controller.js": 1751889579802,
  "i18n/i18n.properties": 1751889579802,
  "i18n/customI18N_en.properties": 1751889579802,
  "i18n/i18n_en.properties": 1751889579802,
  "ext/controller/CapexObjectPageCustom.controller.js": 1751889579802,
  "ext/fragment/Feed.js": 1751889579802,
  "ext/view/ViewPdfPage.controller.js": 1751889579802,
  "ext/fragment/Viewpdf.js": 1751889579802,
  "i18n/customI18N.properties": 1751889579802,
  "manifest.json": 1752236577506,
  "Component.js": 1751889579802,
  "ext/controller/CapexObjectPageCustom-dbg.controller.js": 1751889579802,
  "ext/controller/CapexObjectPageCustom.controller.js.map": 1752236577697,
  "ext/fragment/Feed-dbg.js": 1751889579802,
  "ext/fragment/Feed.js.map": 1752236577691,
  "ext/view/ViewPdfPage-dbg.controller.js": 1751889579802,
  "ext/view/ViewPdfPage.controller.js.map": 1752236577685,
  "ext/fragment/Viewpdf-dbg.js": 1751889579802,
  "ext/fragment/Viewpdf.js.map": 1752236577692,
  "ext/controller/CapexListReportCustom-dbg.controller.js": 1751889579802,
  "ext/controller/CapexListReportCustom.controller.js.map": 1752236577689,
  "Component-dbg.js": 1751889579802,
  "Component.js.map": 1752236577690,
  "Component-preload.js": 1752236577769,
  "Component-preload.js.map": 1752236577769,
  "ext/view/ViewPdfPage.view.xml": 1751889579802,
  "ext/fragment/Viewpdf.fragment.xml": 1751889579802,
  "ext/fragment/Feed.fragment.xml": 1751889579802,
  "index.html": 1751889579802
}