{
  "ext/fragment/Viewpdf.js.map": 1733225346653,
  "i18n/i18n.properties": 1733105287393,
  "i18n/i18n_en.properties": 1733199549196,
  "i18n/customI18N.properties": 1733105287393,
  "ext/view/ViewPdfPage.controller.js": 1733105287393,
  "ext/fragment/Viewpdf.js": 1733105287393,
  "ext/fragment/Feed.js": 1733105287393,
  "ext/controller/CapexObjectPageCustom.controller.js": 1733189425424,
  "ext/controller/CapexListReportCustom.controller.js": 1733105287393,
  "manifest.json": 1733225346470,
  "Component.js": 1733105287393,
  "ext/controller/CapexObjectPageCustom-dbg.controller.js": 1733189425424,
  "ext/controller/CapexObjectPageCustom.controller.js.map": 1733225346656,
  "ext/fragment/Viewpdf-dbg.js": 1733105287393,
  "i18n/customI18N_en.properties": 1733105287393,
  "ext/fragment/Feed-dbg.js": 1733105287393,
  "ext/fragment/Feed.js.map": 1733225346653,
  "ext/view/ViewPdfPage-dbg.controller.js": 1733105287393,
  "ext/view/ViewPdfPage.controller.js.map": 1733225346648,
  "ext/controller/CapexListReportCustom-dbg.controller.js": 1733105287393,
  "ext/controller/CapexListReportCustom.controller.js.map": 1733225346652,
  "Component-dbg.js": 1733105287393,
  "Component.js.map": 1733225346654,
  "Component-preload.js": 1733225346743,
  "Component-preload.js.map": 1733225346743,
  "ext/view/ViewPdfPage.view.xml": 1733105287393,
  "ext/fragment/Viewpdf.fragment.xml": 1733105287393,
  "ext/fragment/Feed.fragment.xml": 1733105287393,
  "index.html": 1733105287393
}