{
  "ext/fragment/Viewpdf.fragment.xml": 1739300562679,
  "i18n/i18n.properties": 1739300562679,
  "i18n/i18n_en.properties": 1739300562679,
  "i18n/customI18N.properties": 1739300562679,
  "ext/fragment/Viewpdf.js": 1739300562679,
  "ext/fragment/Feed.js": 1739300562679,
  "ext/view/ViewPdfPage.controller.js": 1739300562679,
  "ext/controller/CapexObjectPageCustom.controller.js": 1739300562679,
  "ext/controller/CapexListReportCustom.controller.js": 1739300562679,
  "manifest.json": 1742772963360,
  "Component.js": 1739300562679,
  "ext/fragment/Viewpdf-dbg.js": 1739300562679,
  "ext/fragment/Viewpdf.js.map": 1742772963525,
  "ext/fragment/Feed-dbg.js": 1739300562679,
  "ext/fragment/Feed.js.map": 1742772963524,
  "ext/view/ViewPdfPage-dbg.controller.js": 1739300562679,
  "ext/view/ViewPdfPage.controller.js.map": 1742772963524,
  "ext/controller/CapexObjectPageCustom-dbg.controller.js": 1739300562679,
  "ext/controller/CapexObjectPageCustom.controller.js.map": 1742772963532,
  "ext/controller/CapexListReportCustom-dbg.controller.js": 1739300562679,
  "ext/controller/CapexListReportCustom.controller.js.map": 1742772963526,
  "Component-dbg.js": 1739300562679,
  "Component.js.map": 1742772963525,
  "Component-preload.js": 1742772963598,
  "Component-preload.js.map": 1742772963598,
  "i18n/customI18N_en.properties": 1739300562679,
  "ext/fragment/Feed.fragment.xml": 1739300562679,
  "ext/view/ViewPdfPage.view.xml": 1739300562679,
  "index.html": 1739300562679
}