{
  "ext/controller/CapexListReportCustom.controller.js": 1733189885012,
  "i18n/i18n.properties": 1733184074697,
  "i18n/i18n_en.properties": 1733207717766,
  "i18n/customI18N.properties": 1733189946832,
  "ext/view/ViewPdfPage.controller.js": 1733184113217,
  "ext/fragment/Viewpdf.js": 1733184107561,
  "ext/fragment/Feed.js": 1733184098745,
  "ext/controller/CapexObjectPageCustom.controller.js": 1733189873284,
  "i18n/customI18N_en.properties": 1733189946964,
  "manifest.json": 1733225364288,
  "Component.js": 1733184041269,
  "ext/controller/CapexObjectPageCustom-dbg.controller.js": 1733189873284,
  "ext/controller/CapexObjectPageCustom.controller.js.map": 1733225364453,
  "ext/fragment/Viewpdf-dbg.js": 1733184107561,
  "ext/fragment/Viewpdf.js.map": 1733225364455,
  "ext/fragment/Feed-dbg.js": 1733184098745,
  "ext/fragment/Feed.js.map": 1733225364439,
  "ext/view/ViewPdfPage-dbg.controller.js": 1733184113217,
  "ext/view/ViewPdfPage.controller.js.map": 1733225364456,
  "ext/controller/CapexListReportCustom-dbg.controller.js": 1733189885012,
  "ext/controller/CapexListReportCustom.controller.js.map": 1733225364443,
  "Component-dbg.js": 1733184041269,
  "Component.js.map": 1733225364444,
  "Component-preload.js": 1733225364551,
  "Component-preload.js.map": 1733225364551,
  "ext/view/ViewPdfPage.view.xml": 1733184116677,
  "ext/fragment/Viewpdf.fragment.xml": 1733184102249,
  "ext/fragment/Feed.fragment.xml": 1733184095113,
  "index.html": 1733220434295
}