{
  "ext/controller/CapexObjectPageCustom.controller.js.map": 1734394362511,
  "i18n/i18n.properties": 1733184074697,
  "i18n/customI18N_en.properties": 1733857809728,
  "i18n/customI18N.properties": 1733189946832,
  "Component.js": 1733184041269,
  "ext/controller/CapexObjectPageCustom.controller.js": 1733189873284,
  "ext/controller/CapexListReportCustom.controller.js": 1733189885012,
  "ext/fragment/Viewpdf.js": 1733184107561,
  "ext/fragment/Feed.js": 1733184098745,
  "manifest.json": 1734394362263,
  "ext/view/ViewPdfPage.controller.js": 1733184113217,
  "ext/fragment/Feed-dbg.js": 1733184098745,
  "ext/fragment/Feed.js.map": 1734394362500,
  "ext/controller/CapexObjectPageCustom-dbg.controller.js": 1733189873284,
  "i18n/i18n_en.properties": 1733207717766,
  "ext/controller/CapexListReportCustom-dbg.controller.js": 1733189885012,
  "ext/controller/CapexListReportCustom.controller.js.map": 1734394362451,
  "ext/fragment/Viewpdf-dbg.js": 1733184107561,
  "ext/fragment/Viewpdf.js.map": 1734394362499,
  "Component-dbg.js": 1733184041269,
  "Component.js.map": 1734394362498,
  "ext/view/ViewPdfPage-dbg.controller.js": 1733184113217,
  "ext/view/ViewPdfPage.controller.js.map": 1734394362506,
  "Component-preload.js": 1734394362618,
  "Component-preload.js.map": 1734394362618,
  "ext/view/ViewPdfPage.view.xml": 1733184116677,
  "ext/fragment/Viewpdf.fragment.xml": 1733184102249,
  "ext/fragment/Feed.fragment.xml": 1733184095113,
  "index.html": 1733220434295
}