{
  "i18n/i18n_en.properties": 1733199475772,
  "i18n/i18n.properties": 1733182788790,
  "i18n/customI18N_en.properties": 1733857799052,
  "i18n/customI18N.properties": 1733189957672,
  "Component.js": 1733182755898,
  "ext/fragment/Viewpdf.js": 1733182818522,
  "ext/fragment/Feed.js": 1733182809034,
  "ext/controller/CapexObjectPageCustom.controller.js": 1733189815896,
  "ext/controller/CapexListReportCustom.controller.js": 1733189837984,
  "manifest.json": 1734394350263,
  "ext/view/ViewPdfPage.controller.js": 1733182828242,
  "ext/controller/CapexListReportCustom-dbg.controller.js": 1733189837984,
  "ext/controller/CapexListReportCustom.controller.js.map": 1734394350513,
  "ext/fragment/Viewpdf-dbg.js": 1733182818522,
  "ext/fragment/Viewpdf.js.map": 1734394350524,
  "ext/fragment/Feed-dbg.js": 1733182809034,
  "ext/fragment/Feed.js.map": 1734394350518,
  "ext/controller/CapexObjectPageCustom-dbg.controller.js": 1733189815896,
  "ext/controller/CapexObjectPageCustom.controller.js.map": 1734394350525,
  "Component-dbg.js": 1733182755898,
  "Component.js.map": 1734394350516,
  "ext/view/ViewPdfPage-dbg.controller.js": 1733182828242,
  "ext/view/ViewPdfPage.controller.js.map": 1734394350526,
  "Component-preload.js": 1734394350616,
  "Component-preload.js.map": 1734394350616,
  "ext/fragment/Viewpdf.fragment.xml": 1733182813158,
  "ext/fragment/Feed.fragment.xml": 1733182800322,
  "ext/view/ViewPdfPage.view.xml": 1733182834486,
  "index.html": 1733360800813
}