{
  "i18n/customI18N_en.properties": 1733105287393,
  "i18n/i18n.properties": 1733105287393,
  "i18n/i18n_en.properties": 1733105287393,
  "i18n/customI18N.properties": 1733105287393,
  "ext/view/ViewPdfPage.controller.js": 1733105287393,
  "ext/fragment/Viewpdf.js": 1733105287393,
  "ext/fragment/Feed.js": 1733105287393,
  "ext/controller/CapexObjectPageCustom.controller.js": 1733105287393,
  "ext/controller/CapexListReportCustom.controller.js": 1733105287393,
  "manifest.json": 1733107820243,
  "Component.js": 1733105287393,
  "ext/fragment/Feed-dbg.js": 1733105287393,
  "ext/fragment/Feed.js.map": 1733107820428,
  "ext/fragment/Viewpdf-dbg.js": 1733105287393,
  "ext/fragment/Viewpdf.js.map": 1733107820433,
  "ext/view/ViewPdfPage-dbg.controller.js": 1733105287393,
  "ext/view/ViewPdfPage.controller.js.map": 1733107820424,
  "ext/controller/CapexObjectPageCustom-dbg.controller.js": 1733105287393,
  "ext/controller/CapexObjectPageCustom.controller.js.map": 1733107820429,
  "ext/controller/CapexListReportCustom-dbg.controller.js": 1733105287393,
  "ext/controller/CapexListReportCustom.controller.js.map": 1733107820428,
  "Component-dbg.js": 1733105287393,
  "Component.js.map": 1733107820430,
  "Component-preload.js": 1733107820497,
  "Component-preload.js.map": 1733107820497,
  "ext/view/ViewPdfPage.view.xml": 1733105287393,
  "ext/fragment/Viewpdf.fragment.xml": 1733105287393,
  "ext/fragment/Feed.fragment.xml": 1733105287393,
  "index.html": 1733105287393
}