<core:FragmentDefinition xmlns:core="sap.ui.core"
    xmlns="sap.m"
    xmlns:l="sap.ui.layout"
    displayBlock="true">

    <l:VerticalLayout core:require="{handler: 'zcapexmain/ext/fragment/Feed'}"
                      id="verticalLayout"
                      class="sapUiContentPadding"
                      width="100%">
        <l:content>
            <!-- FeedInput for creating new comments -->
            <FeedInput 
                id="feedInput"
                enabled="{= ${ui>/editMode} === 'Editable'}"
                post="handler.onPost"
                icon="test-resources/sap/m/images/dronning_victoria.jpg"
                class="sapUiSmallMarginTopBottom"/>

            <!-- List displaying comments -->
            <List id="commentsList" headerText="Comments" showSeparators="Inner" 
            items="{path: 'to_Comments', templateShareable: false, sorter: { path: 'modifiedAt', descending: true } }" >
                <!-- List items will be dynamically populated -->
                <items  >
            <FeedListItem  
                id="feedListItemTemplate"
                sender="{createdBy}"
                icon="{icon}"
                info="{info}"
                timestamp="{modifiedAt}"
                text="{text}"
                convertLinksToAnchorTags="All" />
        </items>
            </List>
        </l:content>
    </l:VerticalLayout>
</core:FragmentDefinition>
